gene	n_total	n_recovered	recovery_rate
ATP1A1-AS1	30	20	0.6666666666666666
LINC01036	30	20	0.6666666666666666
TAGAP-AS1	30	20	0.6666666666666666
USP3-AS1	30	20	0.6666666666666666
FAM30A	30	16	0.5333333333333333
HCG11	30	16	0.5333333333333333
HCP5	30	16	0.5333333333333333
MALAT1	30	16	0.5333333333333333
MIR22HG	30	16	0.5333333333333333
PSMB8-AS1	30	16	0.5333333333333333
SNHG32	30	16	0.5333333333333333
