gene	cohort	gBMF_LFC	gBMF_padj	gBMF_sig	uBMF_LFC	uBMF_padj	uBMF_sig
HCG11	14sample_site_group	-0.7926182763206884	0.999662318642512	FALSE	-1.0747376811101552	0.9999303062257862	FALSE
HCP5	14sample_site_group	0.6080067541651337	0.999662318642512	FALSE	0.6765211821714581	0.9999303062257862	FALSE
SNHG32	14sample_site_group	-1.110813304566121	0.999662318642512	FALSE	-1.095158362471857	0.9999303062257862	FALSE
PSMB8-AS1	14sample_site_group	0.731783538554594	0.999662318642512	FALSE	0.3389108559332905	0.9999303062257862	FALSE
FAM30A	14sample_site_group	-0.4386647722325214	0.999662318642512	FALSE	-0.42857538636324305	0.9999303062257862	FALSE
MIR22HG	14sample_site_group	-2.6257862482401544	0.999662318642512	FALSE	-2.015609769099952	0.9999303062257862	FALSE
ATP1A1-AS1	14sample_site_group	-0.1608076388046955	0.999662318642512	FALSE	0.01596692943085473	0.9999303062257862	FALSE
USP3-AS1	14sample_site_group	0.6138963796550034	0.999662318642512	FALSE	0.5563185154978513	0.9999303062257862	FALSE
TAGAP-AS1	14sample_site_group	0.700393966095277	0.999662318642512	FALSE	0.21287335680510336	0.9999303062257862	FALSE
LINC01036	14sample_site_group	1.1315404193486855	0.999662318642512	FALSE	0.9673783627038389	0.9999303062257862	FALSE
MALAT1	14sample_site_group	0.34204408082470505	0.999662318642512	FALSE	0.29037972801505246	0.9999303062257862	FALSE
