gene	cohort	gBMF_LFC	gBMF_padj	gBMF_sig	uBMF_LFC	uBMF_padj	uBMF_sig
HCG11	17sample_site_group	-0.7881935098224493	0.9997449537989958	FALSE	-1.0729383097306018	0.9997323958239671	FALSE
HCP5	17sample_site_group	0.6520084584495909	0.9997449537989958	FALSE	0.7146118363993723	0.9997323958239671	FALSE
SNHG32	17sample_site_group	-1.1091012374658087	0.9997449537989958	FALSE	-1.0979954780285144	0.9997323958239671	FALSE
PSMB8-AS1	17sample_site_group	0.7358226952794512	0.9997449537989958	FALSE	0.3403686199666844	0.9997323958239671	FALSE
FAM30A	17sample_site_group	-0.41292261524952284	0.9997449537989958	FALSE	-0.41536973228442753	0.9997323958239671	FALSE
MIR22HG	17sample_site_group	-2.620737131319774	0.9997449537989958	FALSE	-2.0135417605642494	0.9997323958239671	FALSE
ATP1A1-AS1	17sample_site_group	-0.1546721694227931	0.9997449537989958	FALSE	0.016346564195852932	0.9997323958239671	FALSE
USP3-AS1	17sample_site_group	0.6229675938726663	0.9997449537989958	FALSE	0.5591401507050192	0.9997323958239671	FALSE
TAGAP-AS1	17sample_site_group	0.7016865010549184	0.9997449537989958	FALSE	0.2120126144361547	0.9997323958239671	FALSE
LINC01036	17sample_site_group	1.1317562766966816	0.9997449537989958	FALSE	0.9683053831649547	0.9997323958239671	FALSE
MALAT1	17sample_site_group	0.3474233945465952	0.9997449537989958	FALSE	0.289850009599796	0.9997323958239671	FALSE
